{"cameraMode":{"drawMode":0,"name":"Shaded","section":"Shading Mode"},"sceneLighting":true,"audioPlay":false,"sceneViewState":{"m_AlwaysRefresh":false,"showFog":true,"showSkybox":true,"showFlares":true,"showImageEffects":true,"showParticleSystems":true,"showVisualEffectGraphs":true,"m_FxEnabled":true},"in2DMode":false,"pivot":{"x":-24.89056968688965,"y":0.5067090392112732,"z":114.6881332397461},"rotation":{"x":0.09129384160041809,"y":0.6286421418190002,"z":-0.07465977966785431,"w":0.7687063217163086},"size":1.0962580442428589,"orthographic":false}