{"cameraMode":{"drawMode":0,"name":"Shaded","section":"Shading Mode"},"sceneLighting":true,"audioPlay":false,"sceneViewState":{"m_AlwaysRefresh":false,"showFog":true,"showSkybox":true,"showFlares":true,"showImageEffects":true,"showParticleSystems":true,"showVisualEffectGraphs":true,"m_FxEnabled":true},"in2DMode":false,"pivot":{"x":-22.283281326293947,"y":-0.2499494105577469,"z":117.53655242919922},"rotation":{"x":0.16718171536922456,"y":0.24359288811683656,"z":-0.04268262907862663,"w":0.9544192552566528},"size":2.7297072410583498,"orthographic":false}