{"cameraMode":{"drawMode":0,"name":"Shaded","section":"Shading Mode"},"sceneLighting":true,"audioPlay":false,"sceneViewState":{"m_AlwaysRefresh":false,"showFog":true,"showSkybox":true,"showFlares":true,"showImageEffects":true,"showParticleSystems":true,"showVisualEffectGraphs":true,"m_FxEnabled":true},"in2DMode":false,"pivot":{"x":-23.81114387512207,"y":-0.48577067255973818,"z":115.2798843383789},"rotation":{"x":0.045516084879636767,"y":0.6743272542953491,"z":-0.04172634333372116,"w":0.7358486652374268},"size":1.9174916744232178,"orthographic":false}